<?xml version="1.0" encoding="UTF-8"?>
<!DOCTYPE mapper PUBLIC "-//mybatis.org//DTD Mapper 3.0//EN" "http://mybatis.org/dtd/mybatis-3-mapper.dtd">
<mapper namespace="com.blog.mapper.T_blogtypeMapper">


    <select id="countList" parameterType="String" resultType="com.blog.entity.T_blogtype">
      select * from t_blogtype

       /* select t2.id, t2.typename,count(t1.id) as blogCount from t_blog t1
        right join t_blogtype t2 on t1.typeid=t2.id
        group by t2.typename
        order by t2.orderno*/
    </select>

    <select id="select_T_blogtype_ById" parameterType="Integer" resultType="com.blog.entity.T_blogtype">
        select * from t_blogtype where id=#{id}
    </select>

    <select id="list" parameterType="Map" resultType="com.blog.entity.T_blogtype">
        select * from t_blogtype
        <if test="typename !=null and typename !='' ">
            where typename=#{typename}
        </if>
        <if test="start !=null and  size !='' ">
            limit #{start},${size}

        </if>
    </select>

    <select id="getTotal" parameterType="Map" resultType="Long">
        select count(*) from t_blogtype

    </select>
    <insert id="add" parameterType="T_blogtype">
      insert into t_blogtype values(typename=#{typename},orderno=#{orderno})

    </insert>

    <update id="update" parameterType="T_blogtype">
      update t_blogtype
      <set>
          <if test="typename!= null and typename !='' ">
              typename=#{typename},
          </if>
          <if test="orderno != null and orderno != '' ">
              orderno= #{orderno},
          </if>
          where id =#{id}
      </set>
    </update>

    <delete id="delete" parameterType="Integer">
        delete from t_blogtype where id=#{id}

    </delete>




</mapper>