<?xml version="1.0" encoding="UTF-8"?>
<beans xmlns="http://www.springframework.org/schema/beans"
	xmlns:xsi="http://www.w3.org/2001/XMLSchema-instance"
	xmlns:p="http://www.springframework.org/schema/p"
	xmlns:context="http://www.springframework.org/schema/context"
	xmlns:mvc="http://www.springframework.org/schema/mvc"
	xsi:schemaLocation="http://www.springframework.org/schema/mvc http://www.springframework.org/schema/mvc/spring-mvc-4.3.xsd
		http://www.springframework.org/schema/beans http://www.springframework.org/schema/beans/spring-beans-3.1.xsd
		http://www.springframework.org/schema/context http://www.springframework.org/schema/context/spring-context-4.3.xsd">
	
	<context:component-scan base-package="com.atguigu" use-default-filters="false">
		<!-- 只扫描控制器 -->
		<context:include-filter type="annotation" expression="org.springframework.stereotype.Controller"></context:include-filter>
	</context:component-scan>
	<!-- 视图解析器 -->
	<bean class="org.springframework.web.servlet.view.InternalResourceViewResolver">
		<property name="prefix" value="/WEB-INF/views/"></property>
		<property name="suffix" value=".jsp"></property>
	</bean>
	<!-- 两个标配 -->	
	<!-- 将mvc不能处理的资源交给tomcat -->
	<mvc:default-servlet-handler></mvc:default-servlet-handler>
	<!-- 能支持springmvc更高级的一些功能，jsr303校验，快捷的ajax，映射动态请求 -->
	<mvc:annotation-driven></mvc:annotation-driven>
	
	
	
	
	
	
	
	

</beans>