<?xml version="1.0" encoding="UTF-8"?>
<beans xmlns="http://www.springframework.org/schema/beans"
	xmlns:xsi="http://www.w3.org/2001/XMLSchema-instance"
	xmlns:p="http://www.springframework.org/schema/p"
	xmlns:context="http://www.springframework.org/schema/context"
	xmlns:aop="http://www.springframework.org/schema/aop"
	xmlns:tx="http://www.springframework.org/schema/tx"
	xsi:schemaLocation="http://www.springframework.org/schema/beans http://www.springframework.org/schema/beans/spring-beans-3.1.xsd
		http://www.springframework.org/schema/context http://www.springframework.org/schema/context/spring-context-4.3.xsd
		http://www.springframework.org/schema/aop http://www.springframework.org/schema/aop/spring-aop-4.3.xsd
		http://www.springframework.org/schema/tx http://www.springframework.org/schema/tx/spring-tx-4.3.xsd">
	<context:component-scan base-package="com.atguigu">
		<context:exclude-filter type="annotation" expression="org.springframework.stereotype.Controller"></context:exclude-filter>
	</context:component-scan>



	<context:property-placeholder location="classpath:dbconfig.properties"></context:property-placeholder>
	<bean id="pooledDataSource" class="com.mchange.v2.c3p0.ComboPooledDataSource">
		<property name="jdbcUrl" value="${jdbc.jdbcUrl}"></property>
		<property name="driverClass" value="${jdbc.driverClass}"></property>
		<property name="user" value="${jdbc.user}"></property>
		<property name="password" value="${jdbc.passsword}"></property>
	</bean>
	
	<!-- 配置mybatis -->
	<bean id="sqlSessionFactory" class="org.mybatis.spring.SqlSessionFactoryBean">
		<property name="configLocation" value="classpath:mybatis-config.xml"></property>
		<property name="dataSource" ref="pooledDataSource"></property>
		<property name="mapperLocations" value="classpath:mapper/*.xml"></property>
		
	</bean>
	
	<!-- 配置扫描器 ，将mybatis接口的实现加入到ioc容器中-->
	<bean  class="org.mybatis.spring.mapper.MapperScannerConfigurer">
			<!-- 扫描所有的dao，加入到ioc容器中 -->
		<property name="basePackage" value="com.atguigu.crud"></property>
	</bean>
	<bean id="transactionManager" class="org.springframework.jdbc.datasource.DataSourceTransactionManager">
		<!-- 控制住数据源 -->
		<property name="dataSource" ref="pooledDataSource"></property>	
	</bean>
	<!-- 配置一个批量的sqlsession -->
	<bean id="sqlSession" class="org.mybatis.spring.SqlSessionTemplate">
		<constructor-arg name="sqlSessionFactory" ref="sqlSessionFactory"></constructor-arg>
		<constructor-arg name="executorType" value="BATCH"></constructor-arg>
	</bean>
	
	
	<!-- 开启基于注解的事务 -->
	<aop:config>
		<aop:pointcut expression="execution(* com.atguigu.crud.service..*(..))" id="txPoint"></aop:pointcut>
		<aop:advisor advice-ref="txAdvice" pointcut-ref="txPoint"></aop:advisor>	
	</aop:config>
	<!-- 配置事务增强 -->
	<tx:advice id="txAdvice" transaction-manager="transactionManager">
		<tx:attributes>
			<tx:method name="*"></tx:method>
			<!-- 以get开头的方法 -->
			<tx:method name="get*" read-only="true"></tx:method>
		</tx:attributes>	
	</tx:advice>
	
	
</beans>