<?xml version="1.0" encoding="UTF-8"?>
<beans xmlns="http://www.springframework.org/schema/beans"
       xmlns:xsi="http://www.w3.org/2001/XMLSchema-instance" xmlns:p="http://www.springframework.org/schema/p"
       xmlns:context="http://www.springframework.org/schema/context"
       xmlns:mvc="http://www.springframework.org/schema/mvc"
       xsi:schemaLocation="http://www.springframework.org/schema/beans http://www.springframework.org/schema/beans/spring-beans-4.0.xsd
        http://www.springframework.org/schema/mvc http://www.springframework.org/schema/mvc/spring-mvc-4.0.xsd
        http://www.springframework.org/schema/context http://www.springframework.org/schema/context/spring-context-4.0.xsd">
    <!-- 跳转逻辑的配置 -->
    <!-- 扫描业务逻辑组件，配置组件扫描器，注解式使用，只扫描控制器-->
    <context:component-scan base-package="com.blog.controller"></context:component-scan>

    <!--配置视图解析器-->
    <bean class="org.springframework.web.servlet.view.InternalResourceViewResolver">
        <!--前缀-->
        <property name="prefix" value="/WEB-INF/jsp/"></property>
        <property name="suffix" value=".jsp"></property>
    </bean>
    <!--对静态资源的映射-->

    <mvc:annotation-driven />

    
    <mvc:resources mapping="/img/**" location="/resources/img/"></mvc:resources>
    <mvc:resources mapping="/js/**" location="/resources/js/"></mvc:resources>
    <mvc:resources mapping="/css/**" location="/resources/css/"></mvc:resources>


    <!--上传文件的大小-->
    <bean id="multipartResolver" class="org.springframework.web.multipart.commons.CommonsMultipartResolver">
        <property name="maxUploadSize" value="1048576" />
    </bean>







</beans>